{"data":{
    "Sb2Zr":[{
        "info":{"bravais_lattice":"oP","formula":"Sb2Zr","spacegroup_international":"Pnma","spacegroup_number":62},
        "3D_structure_cell":{"v1":{"x":7.498988, "y": 0.0, "z": 0.0},"v2":{"x":0.0, "y": 4.036996, "z": 0.0},"v3":{"x":0.0, "y": 0.0, "z": 9.690818}},
        "3D_structure_atomic_coords":{
            "0":{"Kind_label": "Zr", "x":5.694595, "y":3.027747, "z":3.277942},
            "1":{"Kind_label": "Zr", "x":1.945101, "y":3.027747, "z":1.567467},
            "2":{"Kind_label": "Zr", "x":1.804393, "y":1.009249, "z":6.412876},
            "3":{"Kind_label": "Sb", "x":5.553887, "y":1.009249, "z":8.123351},
            "4":{"Kind_label": "Sb", "x":7.003591, "y":3.027747, "z":6.265842},
            "5":{"Kind_label": "Sb", "x":3.254097, "y":3.027747, "z":8.270384},
            "6":{"Kind_label": "Sb", "x":0.495397, "y":1.009249, "z":3.424975},
            "7":{"Kind_label": "Sb", "x":4.244891, "y":1.009249, "z":1.420434},
            "8":{"Kind_label": "Sb", "x":6.512077, "y":3.027747, "z":0.440790},
            "9":{"Kind_label": "Sb", "x":2.762583, "y":3.027747, "z":4.404619},
            "10":{"Kind_label": "Sb", "x":0.986911, "y":1.009249, "z":9.250027},
            "11":{"Kind_label": "Sb", "x":4.736405, "y":1.009249, "z":5.286199}
        }
    }]
}


}
