{
  "H": {
    "Z": 1,
    "mz": 1.00794
  },
  "He": {
    "Z": 2,
    "mz": 4.002602
  },
  "Li": {
    "Z": 3,
    "mz": 6.941
  },
  "Be": {
    "Z": 4,
    "mz": 9.012182
  },
  "B": {
    "Z": 5,
    "mz": 10.811
  },
  "C": {
    "Z": 6,
    "mz": 12.0107
  },
  "N": {
    "Z": 7,
    "mz": 14.0067
  },
  "O": {
    "Z": 8,
    "mz": 15.9994
  },
  "F": {
    "Z": 9,
    "mz": 18.9984032
  },
  "Ne": {
    "Z": 10,
    "mz": 20.1797
  },
  "Na": {
    "Z": 11,
    "mz": 22.98976928
  },
  "Mg": {
    "Z": 12,
    "mz": 24.305
  },
  "Al": {
    "Z": 13,
    "mz": 26.9815386
  },
  "Si": {
    "Z": 14,
    "mz": 28.0855
  },
  "P": {
    "Z": 15,
    "mz": 30.973762
  },
  "S": {
    "Z": 16,
    "mz": 32.065
  },
  "Cl": {
    "Z": 17,
    "mz": 35.453
  },
  "Ar": {
    "Z": 18,
    "mz": 39.948
  },
  "K": {
    "Z": 19,
    "mz": 39.0983
  },
  "Ca": {
    "Z": 20,
    "mz": 40.078
  },
  "Sc": {
    "Z": 21,
    "mz": 44.955912
  },
  "Ti": {
    "Z": 22,
    "mz": 47.867
  },
  "V": {
    "Z": 23,
    "mz": 50.9415
  },
  "Cr": {
    "Z": 24,
    "mz": 51.9961
  },
  "Mn": {
    "Z": 25,
    "mz": 54.938045
  },
  "Fe": {
    "Z": 26,
    "mz": 55.845
  },
  "Co": {
    "Z": 27,
    "mz": 58.933195
  },
  "Ni": {
    "Z": 28,
    "mz": 58.6934
  },
  "Cu": {
    "Z": 29,
    "mz": 63.546
  },
  "Zn": {
    "Z": 30,
    "mz": 65.409
  },
  "Ga": {
    "Z": 31,
    "mz": 69.723
  },
  "Ge": {
    "Z": 32,
    "mz": 72.64
  },
  "As": {
    "Z": 33,
    "mz": 74.9216
  },
  "Se": {
    "Z": 34,
    "mz": 78.96
  },
  "Br": {
    "Z": 35,
    "mz": 79.904
  },
  "Kr": {
    "Z": 36,
    "mz": 83.798
  },
  "Rb": {
    "Z": 37,
    "mz": 85.4678
  },
  "Sr": {
    "Z": 38,
    "mz": 87.62
  },
  "Y": {
    "Z": 39,
    "mz": 88.90585
  },
  "Zr": {
    "Z": 40,
    "mz": 91.224
  },
  "Nb": {
    "Z": 41,
    "mz": 92.90638
  },
  "Mo": {
    "Z": 42,
    "mz": 95.94
  },
  "Tc": {
    "Z": 43,
    "mz": 98.0
  },
  "Ru": {
    "Z": 44,
    "mz": 101.07
  },
  "Rh": {
    "Z": 45,
    "mz": 102.9055
  },
  "Pd": {
    "Z": 46,
    "mz": 106.42
  },
  "Ag": {
    "Z": 47,
    "mz": 107.8682
  },
  "Cd": {
    "Z": 48,
    "mz": 112.411
  },
  "In": {
    "Z": 49,
    "mz": 114.818
  },
  "Sn": {
    "Z": 50,
    "mz": 118.71
  },
  "Sb": {
    "Z": 51,
    "mz": 121.76
  },
  "Te": {
    "Z": 52,
    "mz": 127.6
  },
  "I": {
    "Z": 53,
    "mz": 126.90447
  },
  "Xe": {
    "Z": 54,
    "mz": 131.293
  },
  "Cs": {
    "Z": 55,
    "mz": 132.9054519
  },
  "Ba": {
    "Z": 56,
    "mz": 137.327
  },
  "La": {
    "Z": 57,
    "mz": 138.90547
  },
  "Ce": {
    "Z": 58,
    "mz": 140.116
  },
  "Pr": {
    "Z": 59,
    "mz": 140.90765
  },
  "Nd": {
    "Z": 60,
    "mz": 144.242
  },
  "Pm": {
    "Z": 61,
    "mz": 145.0
  },
  "Sm": {
    "Z": 62,
    "mz": 150.36
  },
  "Eu": {
    "Z": 63,
    "mz": 151.964
  },
  "Gd": {
    "Z": 64,
    "mz": 157.25
  },
  "Tb": {
    "Z": 65,
    "mz": 158.92535
  },
  "Dy": {
    "Z": 66,
    "mz": 162.5
  },
  "Ho": {
    "Z": 67,
    "mz": 164.93032
  },
  "Er": {
    "Z": 68,
    "mz": 167.259
  },
  "Tm": {
    "Z": 69,
    "mz": 168.93421
  },
  "Yb": {
    "Z": 70,
    "mz": 173.04
  },
  "Lu": {
    "Z": 71,
    "mz": 174.967
  },
  "Hf": {
    "Z": 72,
    "mz": 178.49
  },
  "Ta": {
    "Z": 73,
    "mz": 180.94788
  },
  "W": {
    "Z": 74,
    "mz": 183.84
  },
  "Re": {
    "Z": 75,
    "mz": 186.207
  },
  "Os": {
    "Z": 76,
    "mz": 190.23
  },
  "Ir": {
    "Z": 77,
    "mz": 192.217
  },
  "Pt": {
    "Z": 78,
    "mz": 195.084
  },
  "Au": {
    "Z": 79,
    "mz": 196.966569
  },
  "Hg": {
    "Z": 80,
    "mz": 200.59
  },
  "Tl": {
    "Z": 81,
    "mz": 204.3833
  },
  "Pb": {
    "Z": 82,
    "mz": 207.2
  },
  "Bi": {
    "Z": 83,
    "mz": 208.9804
  },
  "Po": {
    "Z": 84,
    "mz": 210.0
  },
  "At": {
    "Z": 85,
    "mz": 210.0
  },
  "Rn": {
    "Z": 86,
    "mz": 220.0
  },
  "Fr": {
    "Z": 87,
    "mz": 223.0
  },
  "Ra": {
    "Z": 88,
    "mz": 226.0
  },
  "Ac": {
    "Z": 89,
    "mz": 227.0
  },
  "Th": {
    "Z": 90,
    "mz": 232.03806
  },
  "Pa": {
    "Z": 91,
    "mz": 231.03588
  },
  "U": {
    "Z": 92,
    "mz": 238.02891
  },
  "Np": {
    "Z": 93,
    "mz": 237.0
  },
  "Pu": {
    "Z": 94,
    "mz": 244.0
  },
  "Am": {
    "Z": 95,
    "mz": 243.0
  },
  "Cm": {
    "Z": 96,
    "mz": 247.0
  },
  "Bk": {
    "Z": 97,
    "mz": 247.0
  },
  "Cf": {
    "Z": 98,
    "mz": 251.0
  },
  "Es": {
    "Z": 99,
    "mz": 252.0
  },
  "Fm": {
    "Z": 100,
    "mz": 257.0
  },
  "Md": {
    "Z": 101,
    "mz": 258.0
  },
  "No": {
    "Z": 102,
    "mz": 259.0
  },
  "Lr": {
    "Z": 103,
    "mz": 262.0
  },
  "Rf": {
    "Z": 104,
    "mz": 267.0
  },
  "Db": {
    "Z": 105,
    "mz": 268.0
  },
  "Sg": {
    "Z": 106,
    "mz": 269.0
  },
  "Bh": {
    "Z": 107,
    "mz": 270.0
  },
  "Hs": {
    "Z": 108,
    "mz": 270.0
  },
  "Mt": {
    "Z": 109,
    "mz": 278.0
  },
  "Ds": {
    "Z": 110,
    "mz": 281.0
  },
  "Rg": {
    "Z": 111,
    "mz": 282.0
  },
  "Cn": {
    "Z": 112,
    "mz": 285.0
  },
  "Nh": {
    "Z": 113,
    "mz": 286.0
  },
  "Fl": {
    "Z": 114,
    "mz": 289.0
  },
  "Mc": {
    "Z": 115,
    "mz": 290.0
  },
  "Lv": {
    "Z": 116,
    "mz": 293.0
  },
  "Ts": {
    "Z": 117,
    "mz": 294.0
  },
  "Og": {
    "Z": 118,
    "mz": 294.0
  }
}
